{"4360e895-6953-4a2b-8e61-88b1ee613de8":{"resourceKinds":[{"resourceKindKey":"User","adapterKindKey":"V4V"}],"modificationTime":1582211699052,"name":"Avg App Session Latency","formula":"avg(${adaptertype=V4V, objecttype=AppSession, metric=session|round_trip_latency, depth=1})","description":""},"8dd409b5-411d-411f-824e-a866c7c11e8b":{"resourceKinds":[{"resourceKindKey":"User","adapterKindKey":"V4V"}],"modificationTime":1566317621781,"name":"Avg RDS Desktop Session Latency","formula":"avg(${adaptertype=v4v, objecttype=rds desktop session, attribute=session|round-trip_latency, depth=1})","description":""}}