{"a30ec93a-8c28-4f50-9fef-5d582267ba9e":{"resourceKinds":[{"resourceKindKey":"ViewPod","adapterKindKey":"V4V"},{"resourceKindKey":"ViewPool","adapterKindKey":"V4V"},{"resourceKindKey":"AppPool","adapterKindKey":"V4V"}],"modificationTime":1571957752408,"name":"Session Latency > 180 ms","formula":"count(${adaptertype=V4V, objecttype=UserDesktop, attribute=session|round_trip_latency, depth=3, where = \">180\"})","description":""},"1f3e6d92-5439-4490-b1ba-bee6f4c10832":{"resourceKinds":[{"resourceKindKey":"RDSServer","adapterKindKey":"V4V"},{"resourceKindKey":"RDSFarm","adapterKindKey":"V4V"}],"modificationTime":1581606910467,"name":"RDSH Avg Sessions per Host","formula":"${this, metric=remote_sessions|session_count}/${this, metric=summary|number_of_hosts}","description":""},"c02ea890-67ed-4a83-a081-03851b394c73":{"resourceKinds":[{"resourceKindKey":"Location","adapterKindKey":"Container"}],"modificationTime":1562447234553,"name":"RDSH Avg Transmit","formula":"(avg(${adaptertype=V4V, objecttype=AppSession, attribute=blast|session_transmitted_bytes, depth=1}))/100000","description":""},"1c1895c2-f8df-4cac-b7f4-b3cf80924ade":{"resourceKinds":[{"resourceKindKey":"RDSServer","adapterKindKey":"V4V"}],"modificationTime":1581606926302,"name":"RDSH Host to Cluster Session Ratio","formula":"${this, metric=remote_sessions|total_sessions}/avg(${adaptertype=V4V, objecttype=RDSFarm, metric=Super Metric|sm_1f3e6d92-5439-4490-b1ba-bee6f4c10832, depth=-1})","description":""},"763d368b-850b-4e07-9314-f1475eafbfb0":{"resourceKinds":[{"resourceKindKey":"RDSServer","adapterKindKey":"V4V"},{"resourceKindKey":"RDSFarm","adapterKindKey":"V4V"}],"modificationTime":1568315051473,"name":"RDSH Farm Session CPU Capacity Remaining","formula":"100/((sum(${adaptertype=V4V, objecttype=RDSServer, metric=cpu|workload, depth=1})/sum(${adaptertype=V4V, objecttype=RDSServer, metric=remote_sessions|total_sessions, depth=1})))","description":""},"507d343b-ecb6-4457-9d55-dcb94a14fdf3":{"resourceKinds":[{"resourceKindKey":"ViewPod","adapterKindKey":"V4V"},{"resourceKindKey":"ViewPool","adapterKindKey":"V4V"},{"resourceKindKey":"AppPool","adapterKindKey":"V4V"}],"modificationTime":1571957702676,"name":"Packet Loss > 1%","formula":"count(${adaptertype=V4V, objecttype=UserDesktop, attribute=blast|session_packet_loss_uplink, depth=3, where = \">=1\"})","description":""},"9c70b8fe-23ef-4e87-8f9d-0bda10c4f982":{"resourceKinds":[{"resourceKindKey":"RDSServer","adapterKindKey":"V4V"},{"resourceKindKey":"RDSFarm","adapterKindKey":"V4V"}],"modificationTime":1568315010873,"name":"RDSH Farm % Session CPU Capacity Remaining","formula":"100-((sum(${adaptertype=V4V, objecttype=RDSServer, metric=cpu|workload, depth=1})/sum(${adaptertype=V4V, objecttype=RDSServer, metric=remote_sessions|total_sessions, depth=1})))","description":""},"80eecfdf-5d0d-4c04-bffa-55260e649ddb":{"resourceKinds":[{"resourceKindKey":"RDSServer","adapterKindKey":"V4V"},{"resourceKindKey":"RDSFarm","adapterKindKey":"V4V"}],"modificationTime":1568249185423,"name":"RDSH Avg CPU/Session","formula":"((avg(${adaptertype=V4V, objecttype=RDSServer, metric=cpu|workload, depth=1}))/(avg(${adaptertype=V4V, objecttype=RDSServer, metric=remote_sessions|total_sessions, depth=1})))","description":""},"b35b14cb-992a-4f55-be8d-c15d678b1188":{"resourceKinds":[{"resourceKindKey":"Location","adapterKindKey":"Container"}],"modificationTime":1582212217528,"name":"RDSH Avg Session Packet Loss","formula":"avg(${adaptertype=V4V, objecttype=AppSession, attribute=blast|session_packet_loss_uplink, depth=1})","description":""},"2c2e2bc4-34d4-4ee5-882f-4857073c7cbd":{"resourceKinds":[{"resourceKindKey":"RDSFarm","adapterKindKey":"V4V"}],"modificationTime":1568228231018,"name":"RDSH Avg Capacity Remaining","formula":"avg(${adaptertype=V4V, objecttype=RDSServer, metric=OnlineCapacityAnalytics|capacityRemainingPercentage, depth=1})","description":""},"680551c3-0827-4d9d-8fce-89b4d9a44529":{"resourceKinds":[{"resourceKindKey":"User","adapterKindKey":"V4V"}],"modificationTime":1582212362807,"name":"Session Profile load time","formula":"avg(${adaptertype=V4V, objecttype=UserDesktop, metric=session|profile_load_time, depth=1})","description":""},"c1c53905-8738-4101-8ee7-4d0f6e1eda00":{"resourceKinds":[{"resourceKindKey":"Location","adapterKindKey":"Container"}],"modificationTime":1561985037477,"name":"RDSH Avg Latency","formula":"avg(${adaptertype=V4V, objecttype=AppSession, attribute=blast|round_trip_latency, depth=1})","description":""},"60b83ff1-01f3-44a3-a406-f5b1504f1091":{"resourceKinds":[{"resourceKindKey":"Location","adapterKindKey":"Container"}],"modificationTime":1561985140675,"name":"RDSH Avg Jitter Uplink","formula":"avg(${adaptertype=V4V, objecttype=AppSession, attribute=blast|session_jitter_uplink, depth=1})","description":""},"55583a7f-55a1-4d85-b3bc-6d0e05988485":{"resourceKinds":[],"modificationTime":1581696001440,"name":"RDSH Host to Cluster Session Ratio test","formula":"${this, metric=remote_sessions|total_sessions}/avg(${adaptertype=V4V, objecttype=RDSFarm, metric=Super Metric|sm_1f3e6d92-5439-4490-b1ba-bee6f4c10832, depth=-1})","description":""},"ed671d95-da5a-4d9c-97a6-690a166feadd":{"resourceKinds":[{"resourceKindKey":"Location","adapterKindKey":"Container"}],"modificationTime":1561985194084,"name":"RDSH Avg Frame Rate","formula":"avg(${adaptertype=V4V, objecttype=AppSession, attribute=blast|encoded_frame_rate, depth=1})","description":""}}