{"d3944bf2-cf3d-4dfb-9f8f-4322ab7d0973":{"resourceKinds":[{"resourceKindKey":"HostSystem","adapterKindKey":"VMWARE"},{"resourceKindKey":"ClusterComputeResource","adapterKindKey":"VMWARE"},{"resourceKindKey":"Datacenter","adapterKindKey":"VMWARE"}],"modificationTime":1571957130086,"name":"VM Disk Latency > 15 %","formula":"count(${adaptertype=VMWARE, objecttype=VirtualMachine, attribute=virtualDisk|totalLatency, depth=3, where = \">=15\"})","description":""},"333428b9-1fcb-4faa-8ceb-728bffacad8a":{"resourceKinds":[{"resourceKindKey":"User","adapterKindKey":"V4V"}],"modificationTime":1582164495527,"name":"User VM CPU Rdy %","formula":"avg(${adaptertype=VMWARE, objecttype=VirtualMachine, metric=cpu|readyPct, depth=2})","description":""},"178e3051-7c38-41b3-bc98-80ac68bc609c":{"resourceKinds":[{"resourceKindKey":"HostSystem","adapterKindKey":"VMWARE"},{"resourceKindKey":"ClusterComputeResource","adapterKindKey":"VMWARE"},{"resourceKindKey":"Datacenter","adapterKindKey":"VMWARE"}],"modificationTime":1571957396211,"name":"VM Memory > 90%","formula":"count(${adaptertype=VMWARE, objecttype=VirtualMachine, attribute=mem|usage_average, depth=3, where = \">=90\"})","description":""},"71224dd3-cf65-4c5b-bd94-60f570713d44":{"resourceKinds":[{"resourceKindKey":"User","adapterKindKey":"V4V"}],"modificationTime":1582164628516,"name":"User Disk Latency","formula":"avg(${adaptertype=VMWARE, objecttype=VirtualMachine, metric=datastore:Aggregate of all instances|totalLatency_average, depth=2})","description":""},"3a6489af-1e46-432d-8b85-206a36368c62":{"resourceKinds":[{"resourceKindKey":"HostSystem","adapterKindKey":"VMWARE"},{"resourceKindKey":"ClusterComputeResource","adapterKindKey":"VMWARE"},{"resourceKindKey":"Datacenter","adapterKindKey":"VMWARE"}],"modificationTime":1571957157820,"name":"VM CPU Rdy > 5%","formula":"count(${adaptertype=VMWARE, objecttype=VirtualMachine, attribute=cpu|readyPct, depth=3, where = \">5\"})","description":""},"563432b0-414e-43d0-816b-2d7a63b7d031":{"resourceKinds":[{"resourceKindKey":"Location","adapterKindKey":"Container"}],"modificationTime":1562447207623,"name":"VDI Avg Transmit","formula":"(avg(${adaptertype=V4V, objecttype=AppSession, attribute=blast|session_transmitted_bytes, depth=1}))/100000","description":""},"e7916b59-2b9d-4c89-a170-c4df1de46308":{"resourceKinds":[{"resourceKindKey":"Location","adapterKindKey":"Container"}],"modificationTime":1561984256632,"name":"VDI Avg Jitter Uplink","formula":"avg(${adaptertype=V4V, objecttype=UserDesktop, attribute=blast|session_jitter_uplink, depth=1})","description":""},"c0b742fb-a20d-4ab7-88ce-7355a978ddb7":{"resourceKinds":[{"resourceKindKey":"User","adapterKindKey":"V4V"}],"modificationTime":1582164391096,"name":"User VM CPU%","formula":"avg(${adaptertype=VMWARE, objecttype=VirtualMachine, metric=cpu|usage_average, depth=2})","description":""},"fbc5cb82-82d4-495a-a6de-85392c95a3f4":{"resourceKinds":[{"resourceKindKey":"Location","adapterKindKey":"Container"}],"modificationTime":1561984190705,"name":"VDI Avg Frame Rate","formula":"avg(${adaptertype=V4V, objecttype=UserDesktop, attribute=blast|encoded_frame_rate, depth=1})","description":""},"172c9b9b-7193-486b-89d3-8c96456967f9":{"resourceKinds":[{"resourceKindKey":"Location","adapterKindKey":"Container"},{"resourceKindKey":"User","adapterKindKey":"V4V"}],"modificationTime":1582212199800,"name":"VDI Avg Session Packet Loss","formula":"avg(${adaptertype=V4V, objecttype=UserDesktop, attribute=blast|session_packet_loss_uplink, depth=1})","description":""},"e947fe94-8e0b-4ce7-a9a2-1483ee9b38cd":{"resourceKinds":[{"resourceKindKey":"HostSystem","adapterKindKey":"VMWARE"},{"resourceKindKey":"ClusterComputeResource","adapterKindKey":"VMWARE"},{"resourceKindKey":"Datacenter","adapterKindKey":"VMWARE"}],"modificationTime":1571957277530,"name":"VM CPU < 90%","formula":"count(${adaptertype=VMWARE, objecttype=VirtualMachine, attribute=cpu|demandPct, depth=3, where = \">=90\"})","description":""},"da6846b2-5c78-4127-8630-ba8d5b6dd42e":{"resourceKinds":[{"resourceKindKey":"Location","adapterKindKey":"Container"},{"resourceKindKey":"User","adapterKindKey":"V4V"}],"modificationTime":1582211792131,"name":"VDI Avg Session Latency","formula":"avg(${adaptertype=V4V, objecttype=UserDesktop, metric=session|round_trip_latency, depth=1})","description":""}}