{"99ce8976-eda8-4716-a8e0-10529e2fe625":{"resourceKinds":[{"resourceKindKey":"DesktopApplication","adapterKindKey":"V4V"}],"modificationTime":1588617886100,"name":"App Avg Memory","formula":"avg(${adaptertype=V4V, objecttype=DesktopApplicationInstance, metric=app_process|working_set, depth=1})","description":""},"f24f5e4e-c867-46cb-9a87-438f7de88ce5":{"resourceKinds":[{"resourceKindKey":"DesktopApplication","adapterKindKey":"V4V"}],"modificationTime":1588617773462,"name":"App Avg CPU%","formula":"avg(${adaptertype=V4V, objecttype=DesktopApplicationInstance, metric=app_cpu|percent_processor_time, depth=1})","description":""}}